County,Precinct,Leslie Coolidge,Geoffrey Petzel,Maureen E. Yates,Peter J. Roskam
cook,8700040,41,6,10,155
cook,8700068,21,3,14,108
cook,8700034,35,8,15,138
cook,8700044,13,4,7,165
cook,8700054,49,12,13,171
cook,8700020,20,4,6,36
cook,8700028,22,6,9,85
cook,8700008,28,10,14,99
cook,8700009,27,2,14,132
cook,8700042,45,11,19,132
cook,8700025,26,5,12,93
cook,7600031,27,6,8,91
cook,8700029,47,8,11,123
cook,8700002,23,8,12,162
cook,8700003,9,2,1,157
cook,8700001,15,3,9,71
cook,8700006,20,3,16,104
cook,8700007,21,6,17,120
cook,8700048,25,1,10,136
cook,8700049,20,4,6,93
cook,8700041,46,7,16,133
cook,8700069,25,4,16,78
cook,8700064,12,7,14,71
cook,8700065,16,7,7,83
cook,7900027,1,1,3,27
cook,8700067,17,1,5,151
cook,8700045,26,3,9,117
cook,8700063,26,8,11,89
cook,7000008,18,2,7,179
cook,7000009,30,4,11,116
cook,7000001,30,3,15,131
cook,7000002,39,6,15,103
cook,7000003,17,6,17,190
cook,7000005,25,3,8,198
cook,7000006,62,3,14,156
cook,7000007,6,0,2,55
cook,7600042,17,7,17,80
cook,7600044,25,4,20,82
cook,8700033,9,4,3,29
cook,8700032,18,2,10,118
cook,7600026,31,11,15,81
cook,8700030,18,4,14,72
cook,8700019,31,5,11,132
cook,8700018,34,2,12,76
cook,8700035,34,2,16,101
cook,7600009,25,6,15,108
cook,8700015,24,4,15,89
cook,8700014,26,6,17,65
cook,8700017,33,3,20,91
cook,8700038,27,2,11,139
cook,8700011,20,6,13,53
cook,8700010,19,2,18,187
cook,8700012,22,2,13,140
cook,8700046,34,6,24,141
cook,7900012,21,4,8,110
cook,8700043,39,3,5,80
cook,8700050,44,10,16,167
cook,8700052,16,6,3,158
cook,8700055,15,12,9,79
cook,8700031,32,7,7,93
cook,8700057,37,7,15,129
cook,8700056,20,5,9,95
cook,8700023,16,6,7,129
cook,8700037,24,7,5,94
cook,8700036,18,2,9,81
kane,SC0016,9,2,9,169
kane,EL0036,18,6,11,113
kane,DU0028,21,7,15,242
kane,EL0016,14,7,14,153
kane,SC0030,12,5,7,196
kane,EL0058,7,10,8,162
kane,EL0015,17,4,12,110
kane,EL0010,25,1,10,113
kane,EL0053,23,3,17,210
kane,EL0038,7,1,9,103
kane,EL0039,4,5,11,93
kane,EL0050,11,4,8,60
kane,EL0051,9,8,10,128
kane,EL0056,13,6,12,84
kane,EL0057,0,0,2,3
kane,EL0054,33,4,9,134
kane,EL0055,17,5,14,133
kane,DU0034,22,3,18,88
kane,DU0035,11,2,9,108
kane,DU0032,11,4,9,125
kane,DU0033,12,5,10,121
kane,DU0016,13,5,6,109
kane,DU0031,8,2,11,107
kane,DU0018,27,10,12,194
kane,SC0017,12,6,13,87
kane,SC0029,13,7,16,141
kane,SC0033,9,2,6,138
kane,SC0001,7,4,5,146
kane,RU0005,12,3,22,153
kane,RU0006,3,2,2,110
kane,RU0001,13,1,10,236
kane,EL0047,11,5,12,212
kane,SC0012,5,1,1,112
kane,SC0011,14,3,9,99
kane,SC0032,8,4,3,155
kane,SC0007,13,2,4,214
kane,SC0022,16,5,6,215
kane,EL0048,45,6,12,158
kane,EL0007,14,0,6,182
kane,SC0008,33,6,15,230
kane,SC0027,21,4,6,236
kane,SC0024,13,4,13,234
kane,DU0030,6,4,4,147
kane,SC0028,23,6,12,176
kane,EL0024,18,4,17,259
kane,EL0008,24,4,9,124
kane,EL0021,9,2,12,66
kane,SC0003,13,4,7,156
kane,DU0025,5,5,3,127
kane,DU0024,17,7,4,99
kane,DU0027,6,4,3,79
kane,DU0026,19,6,5,107
kane,DU0020,14,11,8,201
kane,DU0023,14,3,3,88
kane,DU0022,9,3,10,160
kane,DU0004,13,5,10,152
kane,DU0029,6,1,8,120
kane,DU0002,10,8,5,91
kane,DU0001,19,4,13,182
kane,SC0031,10,1,4,244
kane,EL0059,57,23,42,393
kane,SC0026,3,1,8,240
kane,SC0002,15,1,8,210
lake,Ela 86,19,3,14,139
lake,Ela 87,22,13,21,135
lake,Ela 84,6,5,5,81
lake,Ela 85,7,2,4,90
lake,Ela 82,26,11,16,134
lake,Ela 83,26,13,15,98
lake,Ela 80,18,11,8,125
lake,Ela 81,18,5,11,130
lake,Ela 97,24,5,8,114
lake,Ela 88,13,1,5,167
lake,Ela 89,20,1,10,127
lake,Ela 96,24,11,11,172
lake,Ela 91,23,5,6,92
lake,Ela 90,20,6,9,104
lake,Ela 79,11,3,6,129
lake,Ela 78,10,3,8,92
lake,Ela 93,19,5,9,114
lake,Ela 92,13,1,11,76
lake,Cuba 64,15,2,1,83
lake,Cuba 65,19,1,9,197
lake,Cuba 66,45,3,14,151
lake,Cuba 67,15,0,7,120
lake,Cuba 68,43,2,24,175
lake,Cuba 69,48,2,13,203
lake,Ela 95,28,8,11,106
lake,Ela 94,25,4,11,92
lake,Ela 104,28,1,29,165
lake,Ela 105,32,4,11,142
lake,Ela 102,23,2,9,208
lake,Ela 103,25,11,13,110
lake,Ela 100,21,2,16,173
lake,Ela 101,25,3,17,173
lake,Ela 99,30,3,13,229
lake,Ela 98,12,0,3,112
lake,Cuba 73,21,5,6,145
lake,Cuba 72,19,4,8,132
lake,Cuba 71,15,0,9,152
lake,Cuba 70,26,1,4,117
lake,Cuba 77,28,0,11,189
lake,Cuba 76,42,2,10,126
lake,Cuba 75,18,0,3,158
lake,Cuba 74,19,3,9,184
dupage,Downers Grove 97,8,7,14,114
dupage,Downers Grove 98,18,0,9,155
dupage,Milton 39,18,7,12,220
dupage,Milton 38,27,7,21,133
dupage,Milton 37,11,1,6,152
dupage,Milton 36,13,4,12,109
dupage,Milton 35,13,3,4,112
dupage,Milton 34,24,7,15,108
dupage,Milton 33,12,4,3,114
dupage,Milton 32,37,9,28,223
dupage,Milton 31,12,4,7,151
dupage,Milton 30,19,4,12,135
dupage,Wayne 1,15,5,6,227
dupage,Wayne 3,16,9,14,215
dupage,Wayne 2,3,3,1,90
dupage,Wayne 5,23,7,20,167
dupage,Wayne 4,22,9,22,147
dupage,Wayne 7,19,15,26,185
dupage,Wayne 6,35,10,27,187
dupage,Wayne 9,17,3,13,242
dupage,Wayne 8,20,7,11,222
dupage,Downers Grove 61,19,4,13,195
dupage,Downers Grove 63,24,4,21,141
dupage,Downers Grove 3,17,2,8,122
dupage,Downers Grove 65,13,6,8,136
dupage,Downers Grove 64,28,6,21,199
dupage,Downers Grove 67,27,3,13,142
dupage,Downers Grove 66,5,2,11,96
dupage,Downers Grove 69,7,3,15,87
dupage,Downers Grove 47,3,3,8,86
dupage,Milton 82,17,0,4,129
dupage,Milton 83,31,1,9,163
dupage,Milton 80,18,7,7,81
dupage,Milton 81,14,0,3,162
dupage,Wayne 19,14,5,17,102
dupage,Milton 87,14,7,7,200
dupage,Milton 84,22,3,9,165
dupage,Milton 85,16,1,10,79
dupage,Wayne 15,20,8,20,131
dupage,Wayne 17,30,7,23,237
dupage,Milton 89,23,5,11,118
dupage,Wayne 11,15,7,17,174
dupage,Wayne 10,8,6,13,188
dupage,Wayne 13,27,4,24,157
dupage,Wayne 12,11,7,15,100
dupage,Milton 20,19,0,8,156
dupage,Milton 21,21,4,8,78
dupage,Milton 22,15,1,5,88
dupage,Milton 23,6,2,8,174
dupage,Milton 24,19,1,9,80
dupage,Milton 25,14,1,6,243
dupage,Milton 26,28,9,25,116
dupage,Milton 27,20,4,13,153
dupage,Milton 28,14,0,5,172
dupage,Milton 29,17,8,7,77
dupage,Downers Grove 85,11,3,9,165
dupage,Downers Grove 84,7,4,12,140
dupage,Downers Grove 83,1,1,4,189
dupage,Naperville 5,19,3,13,118
dupage,Naperville 7,15,4,7,112
dupage,York 75,15,8,16,168
dupage,Downers Grove 37,20,6,31,258
dupage,Downers Grove 92,35,1,16,221
dupage,Lisle 31,14,3,6,146
dupage,Naperville 10,19,3,14,217
dupage,Downers Grove 10,13,5,13,101
dupage,York 77,15,3,5,121
dupage,Downers Grove 7,12,0,6,202
dupage,York 100,26,2,10,97
dupage,York 101,17,3,11,88
dupage,Downers Grove 16,20,0,5,114
dupage,Downers Grove 17,21,6,13,151
dupage,Downers Grove 6,12,5,10,150
dupage,York 105,4,0,3,162
dupage,York 106,1,2,3,153
dupage,York 109,24,5,11,238
dupage,Downers Grove 8,24,10,15,174
dupage,Downers Grove 9,24,3,19,103
dupage,Downers Grove 18,22,8,15,159
dupage,Naperville 22,15,4,9,161
dupage,Downers Grove 113,21,8,14,132
dupage,Lisle 32,7,2,6,67
dupage,York 42,18,2,10,77
dupage,York 43,20,3,10,82
dupage,Downers Grove 109,20,0,16,184
dupage,Lisle 37,9,5,2,144
dupage,Naperville 26,27,2,10,167
dupage,Lisle 91,18,8,13,140
dupage,Lisle 38,13,1,6,82
dupage,Downers Grove 106,6,0,5,107
dupage,Downers Grove 107,3,1,3,93
dupage,Downers Grove 103,6,2,4,82
dupage,Downers Grove 102,9,2,9,185
dupage,Milton 55,20,3,5,181
dupage,Milton 54,21,1,3,212
dupage,Milton 57,15,5,9,250
dupage,Milton 56,15,2,12,103
dupage,Milton 51,13,4,1,185
dupage,Milton 50,19,6,11,108
dupage,Lisle 56,29,8,14,209
dupage,Milton 52,16,4,12,137
dupage,Lisle 59,13,8,10,168
dupage,Wayne 42,26,12,12,122
dupage,Milton 58,16,6,13,188
dupage,Wayne 40,20,6,11,134
dupage,Downers Grove 19,10,4,6,70
dupage,Milton 9,10,2,8,111
dupage,Milton 8,29,3,11,200
dupage,Lisle 40,13,2,4,103
dupage,Downers Grove 11,18,6,21,228
dupage,Downers Grove 51,6,7,13,131
dupage,Milton 1,23,4,4,93
dupage,Downers Grove 127,15,5,7,91
dupage,Milton 3,19,4,9,212
dupage,Milton 2,14,3,13,125
dupage,Milton 5,24,9,8,120
dupage,Milton 4,11,2,6,154
dupage,Milton 7,9,3,4,97
dupage,Milton 6,20,4,6,111
dupage,Bloomingdale 68,24,26,15,141
dupage,York 111,29,4,19,107
dupage,York 114,24,1,18,151
dupage,Naperville 31,16,5,24,93
dupage,York 119,6,2,3,122
dupage,York 18,39,6,13,159
dupage,Lisle 44,12,2,9,103
dupage,Lisle 25,17,1,12,101
dupage,Milton 108,11,4,7,142
dupage,Milton 109,12,1,3,156
dupage,Downers Grove 94,25,6,18,124
dupage,Downers Grove 118,16,6,11,57
dupage,Lisle 22,11,5,11,154
dupage,Milton 102,18,5,8,303
dupage,York 74,34,16,17,171
dupage,Milton 100,17,3,1,216
dupage,Downers Grove 57,23,1,1,98
dupage,Milton 106,14,5,3,249
dupage,Milton 107,12,2,3,157
dupage,Milton 104,11,3,10,74
dupage,Milton 105,18,0,9,80
dupage,Milton 46,12,4,9,146
dupage,Milton 47,15,3,9,93
dupage,Milton 44,25,2,8,117
dupage,Milton 45,19,4,8,138
dupage,Milton 42,13,2,8,77
dupage,Milton 43,21,0,7,165
dupage,Milton 40,15,3,11,127
dupage,Milton 41,28,1,16,96
dupage,Downers Grove 48,10,1,11,80
dupage,Milton 48,11,2,6,98
dupage,Milton 49,6,3,6,95
dupage,York 97,17,5,19,179
dupage,Downers Grove 105,17,8,13,83
dupage,York 95,10,6,7,77
dupage,York 93,24,3,10,104
dupage,Downers Grove 115,20,3,13,134
dupage,Downers Grove 121,8,3,8,146
dupage,Naperville 61,10,2,9,167
dupage,Downers Grove 39,12,6,8,97
dupage,Lisle 8,23,5,16,78
dupage,Lisle 9,14,1,4,87
dupage,York 122,6,2,4,82
dupage,York 121,37,11,38,160
dupage,Downers Grove 32,18,1,18,145
dupage,Lisle 3,27,2,15,207
dupage,Downers Grove 30,11,6,8,75
dupage,Lisle 1,5,3,5,49
dupage,Lisle 6,9,3,7,70
dupage,Bloomingdale 58,31,15,14,187
dupage,York 128,38,9,31,222
dupage,Downers Grove 120,27,3,8,138
dupage,York 62,15,6,14,146
dupage,York 64,7,1,4,63
dupage,Naperville 16,11,1,14,274
dupage,Wayne 25,30,8,17,109
dupage,Wayne 26,11,4,3,76
dupage,Wayne 20,21,5,12,107
dupage,Wayne 21,29,13,17,170
dupage,Wayne 22,15,3,11,135
dupage,Wayne 23,26,4,8,129
dupage,Downers Grove 21,35,5,27,200
dupage,Lisle 80,5,2,3,72
dupage,Wayne 28,21,7,17,128
dupage,Lisle 52,13,9,12,184
dupage,Lisle 78,37,8,17,254
dupage,Downers Grove 20,25,4,14,177
dupage,Downers Grove 59,20,3,12,142
dupage,York 86,17,5,9,121
dupage,Lisle 61,16,2,12,161
dupage,Downers Grove 36,28,5,7,186
dupage,Downers Grove 54,33,6,10,199
dupage,Lisle 77,12,2,11,168
dupage,York 130,15,0,7,124
dupage,Downers Grove 52,25,5,10,173
dupage,Downers Grove 53,28,2,10,173
dupage,Bloomingdale 9,31,6,18,136
dupage,Downers Grove 55,10,0,5,122
dupage,Downers Grove 56,9,3,15,67
dupage,Lisle 55,9,8,9,93
dupage,Bloomingdale 43,10,2,16,94
dupage,Downers Grove 29,7,2,8,157
dupage,Downers Grove 28,9,2,3,132
dupage,Bloomingdale 45,11,2,6,216
dupage,Downers Grove 2,12,5,14,155
dupage,Downers Grove 27,11,1,8,84
dupage,Downers Grove 26,18,5,13,140
dupage,Winfield 23,12,7,16,139
dupage,Winfield 22,29,8,16,193
dupage,Winfield 21,40,6,40,228
dupage,Winfield 20,10,3,16,155
dupage,Downers Grove 34,26,6,12,131
dupage,Downers Grove 119,11,8,17,195
dupage,Milton 88,18,4,18,133
dupage,Downers Grove 87,38,5,35,268
dupage,Milton 86,12,2,5,117
dupage,Downers Grove 12,18,4,8,151
dupage,York 56,17,4,16,118
dupage,Wayne 37,19,8,21,244
dupage,Wayne 36,12,8,15,144
dupage,Wayne 35,6,3,10,149
dupage,Wayne 33,7,4,13,86
dupage,Wayne 32,6,4,10,117
dupage,Wayne 30,20,10,10,134
dupage,Milton 59,7,2,4,124
dupage,Naperville 15,22,11,16,68
dupage,Downers Grove 38,18,5,17,225
dupage,Wayne 39,17,7,13,135
dupage,Winfield 4,41,10,25,202
dupage,Winfield 5,16,8,7,138
dupage,Winfield 6,14,3,12,162
dupage,Winfield 7,23,1,12,211
dupage,Winfield 1,29,5,16,127
dupage,Winfield 2,23,1,19,149
dupage,Downers Grove 112,14,7,11,104
dupage,Winfield 8,7,7,15,100
dupage,Winfield 9,19,6,11,61
dupage,Downers Grove 45,14,2,8,168
dupage,Downers Grove 44,7,1,3,143
dupage,Naperville 19,15,1,14,132
dupage,Lisle 7,3,1,4,67
dupage,Winfield 37,19,7,14,109
dupage,Winfield 30,21,9,18,238
dupage,Downers Grove 15,12,0,8,99
dupage,Milton 79,21,3,6,163
dupage,Milton 78,12,7,3,70
dupage,Downers Grove 33,20,6,19,179
dupage,Milton 73,18,5,7,205
dupage,Milton 71,23,2,11,168
dupage,Milton 77,7,2,1,118
dupage,Milton 76,16,4,9,127
dupage,Milton 75,4,1,7,157
dupage,Milton 74,8,0,12,173
dupage,Milton 19,20,1,3,207
dupage,Milton 18,25,2,22,259
dupage,Downers Grove 31,24,8,12,122
dupage,Downers Grove 78,12,1,5,109
dupage,Milton 11,26,2,6,106
dupage,Milton 10,21,2,9,122
dupage,Milton 13,21,5,6,128
dupage,Milton 12,16,3,3,87
dupage,Milton 15,19,1,4,143
dupage,Milton 14,26,2,5,146
dupage,Milton 17,16,2,3,222
dupage,Milton 16,11,3,12,147
dupage,Lisle 95,5,4,9,155
dupage,Lisle 4,10,11,12,102
dupage,Lisle 92,5,1,2,35
dupage,Downers Grove 79,24,1,10,231
dupage,Downers Grove 76,9,3,12,62
dupage,Downers Grove 74,17,2,11,139
dupage,Downers Grove 75,17,1,13,131
dupage,Downers Grove 73,14,2,12,91
dupage,Downers Grove 70,20,6,19,215
dupage,Downers Grove 71,19,5,13,87
dupage,York 26,30,6,13,166
dupage,York 9,16,2,14,74
dupage,Downers Grove 14,23,4,8,159
dupage,York 3,4,0,3,108
dupage,Lisle 68,15,7,16,192
dupage,Milton 68,19,3,10,128
dupage,Milton 69,19,3,10,118
dupage,York 30,4,1,5,110
dupage,Milton 64,25,4,13,92
dupage,Milton 65,16,0,2,140
dupage,Milton 66,25,6,18,147
dupage,Milton 67,21,2,7,141
dupage,Milton 60,14,6,9,168
dupage,Milton 61,13,5,9,238
dupage,Milton 62,34,3,13,125
dupage,Milton 63,10,5,12,163
dupage,York 21,9,2,8,58
dupage,Downers Grove 50,13,6,13,132
dupage,Downers Grove 82,14,4,7,170
dupage,Lisle 14,17,0,5,214
dupage,Lisle 83,8,8,9,139
dupage,Lisle 81,13,0,4,171
dupage,Milton 98,10,2,9,112
dupage,Lisle 43,14,3,7,268
dupage,Lisle 89,21,4,11,110
dupage,Lisle 88,16,3,11,88
dupage,Downers Grove 96,23,8,13,81
dupage,Winfield 17,17,1,15,130
dupage,Winfield 14,38,7,24,187
dupage,Winfield 15,15,5,8,92
dupage,Winfield 12,25,5,19,207
dupage,Winfield 13,20,6,13,62
dupage,Downers Grove 49,18,3,17,130
dupage,Winfield 18,33,5,17,178
dupage,Winfield 19,15,5,12,188
dupage,Milton 91,12,3,5,106
dupage,Milton 90,15,9,7,249
dupage,Milton 93,13,8,9,105
dupage,Milton 92,11,2,3,113
dupage,Milton 95,16,1,10,225
dupage,Milton 94,13,4,7,109
dupage,Milton 97,31,7,7,110
dupage,Milton 96,14,3,10,83
dupage,Milton 99,17,0,7,170
dupage,Bloomingdale 18,22,8,12,121
dupage,Lisle 16,24,8,15,116
dupage,Lisle 11,24,3,21,166
mchenry,Algonquin 46,8,4,8,191
mchenry,Algonquin 47,14,7,14,166
mchenry,Algonquin 44,17,2,7,88
mchenry,Algonquin 45,14,1,14,189
mchenry,Algonquin 42,11,3,5,114
mchenry,Algonquin 43,28,4,8,150
mchenry,Algonquin 40,10,2,16,73
mchenry,Algonquin 41,26,1,9,136
mchenry,Algonquin 60,10,0,7,39
mchenry,Algonquin 61,10,1,7,80
mchenry,Algonquin 62,26,3,17,158
mchenry,Algonquin 63,21,4,9,118
mchenry,Algonquin 64,7,1,8,77
mchenry,Algonquin 65,4,0,6,213
mchenry,Algonquin 48,14,2,14,181
mchenry,Algonquin 49,5,2,8,112
mchenry,Algonquin 24,11,4,5,91
mchenry,Algonquin 25,12,6,8,78
mchenry,Algonquin 26,10,3,6,88
mchenry,Algonquin 27,15,5,6,106
mchenry,Algonquin 20,2,4,3,57
mchenry,Algonquin 21,11,5,6,87
mchenry,Algonquin 22,14,4,9,69
mchenry,Algonquin 23,14,2,7,168
mchenry,Algonquin 55,9,6,13,163
mchenry,Algonquin 28,18,5,8,124
mchenry,Algonquin 29,14,1,8,74
mchenry,Algonquin 54,14,3,11,112
mchenry,Algonquin 68,10,1,10,157
mchenry,Algonquin 1,7,6,5,61
mchenry,Algonquin 59,18,3,9,82
mchenry,Algonquin 3,5,3,8,96
mchenry,Algonquin 2,14,6,13,126
mchenry,Algonquin 5,9,3,8,144
mchenry,Algonquin 4,28,4,24,124
mchenry,Algonquin 7,8,2,5,97
mchenry,Algonquin 6,13,4,6,113
mchenry,Algonquin 9,16,3,10,131
mchenry,Algonquin 8,10,2,8,100
mchenry,Algonquin 51,12,2,12,160
mchenry,Algonquin 50,10,0,7,128
mchenry,Algonquin 53,4,1,6,46
mchenry,Algonquin 52,10,2,13,92
mchenry,Algonquin 19,8,6,5,75
mchenry,Algonquin 18,10,2,3,81
mchenry,Algonquin 57,10,3,4,105
mchenry,Algonquin 56,4,3,3,84
mchenry,Algonquin 15,8,4,9,70
mchenry,Algonquin 14,3,7,10,114
mchenry,Algonquin 17,14,9,6,213
mchenry,Algonquin 16,28,3,2,176
mchenry,Algonquin 11,10,2,14,112
mchenry,Algonquin 10,19,4,9,112
mchenry,Algonquin 13,7,2,7,86
mchenry,Algonquin 12,11,3,10,129
mchenry,Algonquin 37,2,1,4,33
mchenry,Algonquin 36,8,4,5,138
mchenry,Algonquin 35,18,9,15,115
mchenry,Algonquin 34,18,4,8,74
mchenry,Algonquin 33,17,4,12,147
mchenry,Algonquin 32,13,1,7,94
mchenry,Algonquin 31,17,2,7,149
mchenry,Algonquin 30,22,5,10,165
mchenry,Algonquin 67,5,1,3,144
mchenry,Algonquin 39,4,0,5,71
mchenry,Algonquin 38,16,5,6,117
mchenry,Algonquin 58,9,0,6,147
mchenry,Algonquin 66,8,0,4,78
